站名,地址,營業時間,目前狀態,緯度,經度
孚海國際站,台北市內湖區瑞光路358巷38弄34號 (近內湖科學園區),24HR,已啟用,25.075914,121.572819
Gogoro 西門西寧店站,台北市萬華區西寧南路62號 (於萬年商業大樓對面),24HR,已啟用,25.043788,121.506186
熊展通訊站,台北市萬華區雙園街150號 (近環河南路/雙園街口),24HR,已啟用,25.031659,121.491934
東吳大學城區部站,台北市中正區延平南路133巷底 (於東吳大學校區內),24HR,已啟用,25.037805,121.509056
便利停車場建國站,台北市中山區建國北路二段11巷 (近建國北路/長春路口),24HR,已啟用,25.053452,121.537860
台塑政大站,台北市文山區指南路一段53號 (近木新路/指南路口),24HR,已啟用,24.987925,121.570822
台北捷運內湖機廠站(建置中),台北市南港區經貿一路265號 (近內湖機廠),24HR,建置中,25.061271,121.618311
Gogoro 全球體驗中心站,台北市信義區松壽路18號 (近華納威秀廣場),24HR,已啟用,25.035705,121.566811
台北捷運大湖公園站(建置中),台北市內湖區成功路5段11號 (近捷運大湖公園站2號出口),24HR,建置中,25.083338,121.602664
7-ELEVEN榮鑫門市站,台北市中山區建國北路三段89及91號前 (近榮星花園),24HR,已啟用,25.065693,121.536686
丁香豆花長安店站,台北市松山區八德路二段387號 (近台安醫院),24HR,已啟用,25.048004,121.545249
家樂福三民店站,台北市松山區三民路160號2樓 (近民權國小),08:00 ~ 22:00,已啟用,25.061637,121.563343
北投熱海溫泉大飯店站,台北市北投區光明路258號 (近北投溫泉博物館),24HR,已啟用,25.136547,121.509322
台北捷運劍南路站(建置中),台北市中山區北安路798號 (近捷運劍南路站2號出口),24HR,建置中,25.084767,121.555097
中油中崙站,台北市中山區八德路二段214號 (近八德路/龍江路口),24HR,已啟用,25.046397,121.539625
陸海加氣站,台北市松山區濱江街375號 (近台北松山機場濱江街側),24HR,已啟用,25.072577,121.552997
逐居國際室內設計公司站,台北市文山區興隆路四段49-2號 (近興隆路/木柵路口),24HR,已啟用,24.990098,121.559738
中油內湖站,台北市內湖區民權東路六段50號 (於中天電視大樓對面),24HR,已啟用,25.068469,121.584293
中油勝利站,台北市大安區建國南路二段75-1號 (於大安森林公園建國南路側),24HR,已啟用,25.031030,121.537669
Gogoro 士林文林店站,台北市士林區文林路65號 (近士林夜市),24HR,已啟用,25.087291,121.525723
中油汀州路站,台北市中正區汀州路三段1號,24HR,已啟用,25.020661,121.525946
Gogoro 饒河服務中心站,台北市松山區八德路四段650號 (近饒河夜市),24HR,已啟用,25.049931,121.574990
台北捷運劍潭站(建置中),台北市士林區中山北路5段65號 (近捷運劍潭站1號出口),24HR,建置中,25.084873,121.525078
23區站,台北市士林區重慶北路四段241號 (近重陽大橋),24HR,已啟用,25.085960,121.510856
台北捷運士林站(建置中),台北市士林區福德路1號 (近捷運士林站2號出口),24HR,建置中,25.093535,121.526230
台亞承德路站,台北市北投區承德路七段303號 (近立農公園),24HR,已啟用,25.116785,121.504170
先奕實業站,台北市大同區昌吉街248號 (近環河北路/昌吉街口),24HR,已啟用,25.065863,121.510003
中油東湖站,台北市內湖區康寧路三段225號,24HR,已啟用,25.067589,121.612125
機器人王國站,台北市中正區中華路二段165號 (近中華路/莒光路口),24HR,已啟用,25.030812,121.504192
中油陽明山站,台北市士林區格致路3號 (近陽明山頂好超市),24HR,已啟用,25.135388,121.545976
中油新生北路站,台北市中山區新生北路二段71號 (近新生北路/民生東路口),24HR,已啟用,25.056500,121.528018
禾悅生活士林店站,台北市士林區承德路四段233號 (近百齡高中),24HR,已啟用,25.088469,121.522063
Gogoro 圓山服務中心站,台北市大同區承德路三段237號 (近花博公園),24HR,已啟用,25.070867,121.518740
蘋果派站,台北市文山區羅斯福路五段183號 (近捷運萬隆站3號出口),11:00 ~ 22:00,已啟用,25.002812,121.538904
台北捷運民權西路站(建置中),台北市中山區民權西路72號 (近捷運民權西路站1號出口),24HR,建置中,25.062612,121.519528
中油福林站,台北市士林區中山北路五段465號 (近士林夜市),24HR,已啟用,25.092720,121.527594
台塑福華站,台北市文山區興隆路2段244巷1號 (近萬芳醫院),24HR,已啟用,25.000852,121.553948
中油南港站,台北市南港區南港路二段50號 (近南港火車站),24HR,已啟用,25.054144,121.604651
中油山隆華中站,台北市萬華區萬大路388號 (近東園國小),24HR,已啟用,25.021848,121.498647
21世紀不動產天母三越加盟店站(建置中),台北市士林區天母東路67號,24HR,建置中(其他狀態),25.118563,121.534321
上下工站,台北市信義區嘉興街181巷9弄54號 (近通化街夜市),24HR,已啟用,25.026930,121.557868
中油山隆萬大站,台北市萬華區萬大路207號 (近萬大路/西藏路口),24HR,已啟用,25.027161,121.500717
台北捷運復興崗站(建置中),台北市北投區中央北路3段53巷10號 (近捷運復興崗站1號出口),24HR,建置中,25.137474,121.485444
台北捷運芝山站(建置中),台北市士林區福國路70號 (近捷運芝山站1號出口),24HR,建置中,25.103060,121.522514
中油信義路站,台北市大安區信義路四段374號 (近捷運信義安和站4號出口),24HR,已啟用,25.032922,121.555483
台北捷運關渡站(建置中),台北市北投區大度路3段296巷51號 (捷運關渡站1號出口),24HR,建置中,25.125651,121.467120
KBN鐵馬堂站,台北市信義區信安街60號 (近通化街夜市),24HR,已啟用,25.026564,121.557683
台北捷運忠義站(建置中),台北市北投區中央北路4段301號 (近捷運忠義站1號出口),24HR,建置中,25.130969,121.473410
Gogoro 光華八德店站,台北市中正區八德路一段27號 (近光華商場),24HR,已啟用,25.044102,121.531252
台北捷運唭哩岸站(建置中),台北市北投區東華街2段301號 (近捷運唭哩岸站2號出口),24HR,建置中,25.120876,121.506219
駿德重車站,台北市內湖區安康路28號 (近石潭公園),09:00 ~ 22:00,已啟用,25.062592,121.593749
Impact Hub站,台北市大安區和平東路二段265巷3號 (近和平東路/復興南路口),09:00 ~ 21:00,已啟用,25.025314,121.544104
中油科學園區站,新竹市東區龍山里八鄰工業東二路2-2號 (近新竹科學園區),24HR,已啟用,24.779536,121.004467
HiLife 新竹竹亮店站,新竹市東區光復路二段962號1樓 (近市立體育場),24HR,已啟用,24.803544,120.979972
南山人壽新竹科技大樓站,新竹市東區公道五路二段176號 (近新竹美麗信酒店),24HR,已啟用,24.799743,121.004877
西歐中華站,新竹市東區中華路二段59號 (近新竹高工),24HR,已啟用,24.808151,120.981899
中油關東橋站(建置中),新竹市東區光復路一段529號 (近光武國中),24HR,建置中,24.784764,121.013255
Nova資訊廣場新竹光復店站,新竹市東區光復路二段194巷3號 (近國立清華大學),24HR,已啟用,24.794371,121.000882
中油新竹站(建置中),新竹市東區中華路二段347號 (近太平洋SOGO新竹站前店),24HR,建置中,24.803351,120.974342
中油光復路站(建置中),新竹市東區光復路二段716號 (近馬偕紀念醫院新竹院區),24HR,建置中,24.800463,120.989943
台灣中油百祥加油站,新竹市香山區中華路五段111號 (近新竹市香山高中),24HR,已啟用,24.787022,120.926565
Gogoro 新竹北大店站,新竹市北區北大路321號1、2樓 (近中正棒球場),24HR,已啟用,24.805894,120.962052
中油南寮站(建置中),新竹市北區東大路四段292號 (近新竹17公里海岸風景區),24HR,建置中,24.845784,120.928061
基隆東岸地下停車場站,基隆市仁愛區仁二路236號B1F (近基隆廟口),24HR,已啟用,25.130253,121.743796
中油北寧路站(建置中),基隆市中正區北寧路37號 (近國立台灣海洋大學),24HR,建置中,25.151179,121.773807
基隆港海產樓站(建置中),基隆市信義區信二路181號 (近衛生福利部基隆醫院),24HR,建置中,25.129193,121.750977
中油成功一路站(建置中),基隆市仁愛區成功一路105號 (近成功市場),24HR,建置中,25.127048,121.737799
中油八堵站(建置中),基隆市暖暖區八堵路158號 (近八堵火車站),24HR,建置中,25.103740,121.725985
中油安樂站(建置中),基隆市安樂區麥金路441號 (近基隆市婦幼福利中心),24HR,建置中,25.126299,121.718899
中油關西站(建置中),新竹縣關西鎮中豐路二段50號 (近中豐路/豐德街口),24HR,建置中(其他狀態),24.793601,121.179728
中油府前站(建置中),新竹縣竹北市縣政二路112號 (近縣政二路/光明六路口),24HR,建置中,24.823853,121.015164
HiLife 竹北竹文店站,新竹縣竹北市縣政九路215號 (近縣鎮九路/文信路口),24HR,已啟用,24.831976,121.011947
中油竹東站(建置中),新竹縣竹東鎮東寧路一段2號 (近東寧路/中豐路口),24HR,建置中(其他狀態),24.722748,121.096776
HiLife 竹北竹發店站,新竹縣竹北市縣政二路175號 (近縣政二路/文信路口),24HR,已啟用,24.831333,121.018018
HiLife 竹北北鮮店站,新竹縣竹北市大同街33號 (近三民路/大同街口),24HR,已啟用,24.834422,121.009722
湖口北海加油站,新竹縣湖口鄉光華路650號 (近光華路/文化路口),24HR,已啟用,24.875394,121.023212
中油新湖口站(建置中),新竹縣湖口鄉中正路二段20號 (近中正路/達生路口),24HR,建置中,24.896844,121.047682
中油順興站,新竹縣湖口鄉八德路一段396號 (近中山路/八德路口),24HR,已啟用,24.880017,121.036497
中油芎林站(建置中),新竹縣芎林鄉上山村文山路554號 (近文山路/文德路口),24HR,建置中,24.777939,121.077450
普拉伯義大利坊竹北文興站,新竹縣竹北市文興路一段273號 (近文興路/嘉豐南路口),24HR,已啟用,24.809012,121.031764
中油梅溪站,桃園市楊梅區中山北路一段391號 (近天成醫院),24HR,已啟用,24.908575,121.159274
中油大竹站(建置中),桃園市蘆竹區大竹路503號,24HR,建置中,25.022447,121.260993
環球林口A8店站(入場前30分鐘免費),桃園市龜山區文化一路10巷42弄B2F (近林口長庚紀念醫院),24HR,已啟用,25.060071,121.370365
中油大園站(建置中),桃園市大園區中正東路58號,24HR,建置中,25.063243,121.199127
中油富岡站(建置中),桃園市楊梅區民富路三段574號 (近民富路/員本路口),24HR,建置中(其他狀態),24.933660,121.093314
台灣中油健行加油站,桃園市桃園區健行路29號 (近家樂福桃園店),24HR,已啟用,25.022010,121.308650
Gogoro 桃園服務中心站,桃園市桃園區復興路20號1樓 (近桃園學苑),24HR,已啟用,24.990983,121.318401
台灣中油來翔加油站,桃園市桃園區民生路33號 (近新光三越桃園站前店),24HR,已啟用,24.990977,121.314960
Nova資訊廣場中壢店站,桃園市中壢區中正路389號 (近中正路/明德南路口),24HR,已啟用,24.955710,121.215123
家樂福中原店站,桃園市中壢區中華路二段501號B2F (近桃園市中壢區戶政事務所本所),24HR,已啟用,24.962393,121.231466
台灣表面黏著科技站,桃園市桃園區桃鶯路437號 (近可口可樂世界博物館),24HR,已啟用,24.978821,121.321589
台灣中油內壢加油站,桃園市中壢區環中東路346號 (近環中東路/永福路口),24HR,已啟用,24.961878,121.254106
北基朝陽加油站,桃園市桃園區三民路二段236號 (近朝陽森林公園),24HR,已啟用,25.000499,121.311091
台灣中油東勇加油站,桃園市八德區東勇街246號 (近桃55鄉道東勇街口),24HR,已啟用,24.962546,121.306867
山隆加油站龍興站,桃園市中壢區龍興路693號 (近家樂福中壢店),24HR,已啟用,24.944908,121.245065
中油三民路站(建置中),桃園市桃園區三民路一段150號,24HR,建置中,24.999522,121.320535
中油春日路站(建置中),桃園市桃園區春日路971號,24HR,建置中,25.010544,121.310304
中油介壽站(建置中),桃園市桃園區介壽路324號,24HR,建置中,24.980268,121.305094
西歐桃園中山站,桃園市桃園區中山路1536號 (近衛生福利部桃園醫院),24HR,已啟用,24.975859,121.265980
中油武陵站(建置中),桃園市桃園區中山路1020號,24HR,建置中,24.988393,121.284584
中油建龍站(建置中),桃園市龍潭區中豐路716號 (近中豐路/工五路口),24HR,建置中,24.888971,121.212724
北基忠義加油站,桃園市龜山區忠義路一段496號 (近忠義路/光華路口),24HR,已啟用,25.012155,121.347582
中油新坡站(建置中),桃園市觀音區中山路二段794號,24HR,建置中,25.010665,121.139445
山隆加油站蘆竹站,桃園市蘆竹區南崁路二段532號 (近南崁路/富國路口),24HR,已啟用,25.063696,121.265244
台灣中油金陵加油站,桃園市平鎮區金陵路二段123號 (近環南路/金陵路口),24HR,已啟用,24.940301,121.223289
中油龍岡站(建置中),桃園市中壢區環中東路二段659號,24HR,建置中,24.944290,121.230026
米格國際站,桃園市八德區建國路626號 (於米格國際股份有限公司門口),24HR,已啟用,24.946594,121.289121
中油龜山站(建置中),桃園市龜山區萬壽路二段640號,24HR,建置中(其他狀態),24.999881,121.346280
新屋北海加油站,桃園市新屋區三民路61號 (近中華路/三民路口),24HR,已啟用,24.970216,121.109920
中油蘆竹站(建置中),桃園市蘆竹區中正路342號,24HR,建置中,25.049356,121.291206
台灣中油佳興加油站,桃園市八德區介壽路二段631號 (近伍陽城市原創農場),24HR,已啟用,24.940961,121.297910
特力家居站,桃園市蘆竹區中正路1號 (近榮興橋),24HR,已啟用,25.040449,121.295583
中油中壢工二站(建置中),桃園市中壢區吉林路37巷15號,24HR,建置中,24.979948,121.246969
北基東宏加油站,桃園市平鎮區南東路69號 (近大潤發平鎮店),24HR,已啟用,24.920930,121.214283
Gogoro 桃園中正店站,桃園市桃園區中正路50號1樓 (近統領百貨桃園店),24HR,已啟用,24.990967,121.313085
南山社區站,新北市平溪區靜安路三段250號 (近十分風景區),24HR,已啟用,25.040141,121.776024
中油長壽山站,新北市三峽區介壽路三段131號 (近溪北河濱公園),24HR,已啟用,24.941818,121.397827
文藻美語土城站,新北市土城區延和路42-1號 (近安和國小),24HR,已啟用,24.988777,121.465238
中油頂埔加油站,新北市土城區中央路四段43號 (近捷運頂埔站3號出口),24HR,已啟用,24.961747,121.422593
北基蘆洲加油站,新北市蘆洲區中山一路310號 (近中山一路/中山二路口),24HR,已啟用,25.077482,121.469409
台北捷運新店站(建置中),新北市新店區北宜路1段2號 (近碧潭風景區),24HR,建置中,24.957856,121.537584
香草天空站,新北市坪林區北宜路8段239號 (近坪林旅遊服務中心),10:00 ~ 18:00,已啟用,24.935878,121.703678
台北捷運亞東醫院站(建置中),新北市板橋區南雅南路2段17號 (近捷運亞東醫院站3號出口),24HR,建置中,24.997480,121.452383
台北捷運竹圍站(建置中),新北市淡水區民權路50號 (近捷運竹圍站1號出口),24HR,建置中,25.136976,121.459565
莒光路加油加氣站,新北市中和區莒光路258號 (近莒光路/壽德街口),24HR,已啟用,24.993894,121.467653
家樂福蘆洲店站,新北市三重區五華街282號B1F (近三重集賢環保公園),24HR,已啟用,25.087527,121.486609
中油山隆中和站,新北市中和區中正路1178號 (近板南路/中正路交接口),24HR,已啟用,25.009606,121.481719
台亞汐止大同站,新北市汐止區大同路二段37號 (近汐科火車站),24HR,已啟用,25.063135,121.647880
中油北基基金站,新北市萬里區萬里加投19之5號 (近大鵬國小),24HR,已啟用,25.209414,121.649813
台亞安坑交流道站,新北市新店區安康路一段308號 (近安康路/安和路口),24HR,已啟用,24.964380,121.517400
中油永錡中正站,新北市新莊區中正路692-8號 (近中正路/明志路口),24HR,已啟用,25.028484,121.419673
台塑中泰站,新北市泰山區泰林路二段32號 (近中港西路/泰林路口),24HR,已啟用,25.057258,121.436292
台塑大慶站,新北市樹林區三興路50號 (近三興路/大慶街口),24HR,已啟用,25.014562,121.395262
家樂福北大店站,新北市樹林區大雅路288號B2F (大雅路/學勤路口),09:00 ~ 22:00,已啟用,24.947527,121.379750
大嘉好加油站,新北市三芝區錫板里海尾14之32號 (近福海路/錫板里海尾口),24HR,已啟用,25.259897,121.477801
台北捷運丹鳳站(建置中),新北市新莊區中正路624之1號 (近捷運丹鳳站1號出口),24HR,建置中,25.029051,121.422421
台塑龍形站,新北市八里區龍米路二段150號 (近龍米河濱公園),24HR,已啟用,25.157114,121.435986
台北捷運輔大站(3號出口)(建置中),新北市新莊區中正路510之1號 (近捷運輔大站3號出口),24HR,建置中,25.032827,121.436634
台北捷運紅樹林站(建置中),新北市淡水區中正東路2段68號 (近捷運紅樹林站1號出口),24HR,建置中,25.154042,121.458872
台塑信誠站,新北市五股區新五路二段258號 (近新北市立圖書館五股分館),24HR,已啟用,25.081706,121.440913
中油淡海新市鎮站,新北市淡水區埤島里二鄰淡金路二段599號 (近淡金公路/新市二路口),24HR,已啟用,25.191881,121.446339
台北捷運輔大站(4號出口)(建置中),新北市新莊區中正路510之1號 (近捷運輔大站4號出口),24HR,建置中,25.033030,121.436529
Gogoro 板橋館前店站,新北市板橋區館前東路26號 (近誠品生活板橋店),24HR,已啟用,25.007247,121.460365
中油龍門站,新北市中和區中正路808號 (近中正路/建六路口),24HR,已啟用,25.002691,121.485087
Gogoro 三重正義店站,新北市三重區正義北路24號 (近捷運台北橋站),24HR,已啟用,25.063183,121.497509
中油山隆樹林站,新北市樹林區中華路66號 (近中華路/八德街口),24HR,已啟用,24.982010,121.420270
Diamond+專業汽車美容中心站(建置中),新北市永和區保安路23號1樓 (近保安路/文化路口),24HR,建置中,25.016628,121.510266
中油永錡泰山站,新北市泰山區泰林路二段47號 (近泰林路/仁德路口),24HR,已啟用,25.057544,121.435248
車子路加油站,新北市新店區安康路二段269號 (近安康路/車子路口),24HR,已啟用,24.957625,121.504348
中油華城站,新北市新店區安康路一段319號 (近安康路/安華路口),24HR,已啟用,24.963634,121.522112
中油石門加油站,新北市石門區中央路1之15號 (近石門國中),24HR,已啟用,25.291241,121.561000
中油山隆林口站,新北市林口區文化二路二段553號 (近中華路/文化二路口),24HR,已啟用,25.090349,121.383464
中油五城站,新北市新店區安康路三段800號 (近新店區五城花園公墓),24HR,已啟用,24.939901,121.470723
德志茶園站,新北市坪林區北宜路8段239號,24HR,已啟用,24.935095,121.709245
Gogoro 永和中正店站,新北市永和區中正路236號 (近八二三紀念公園),24HR,已啟用,24.998068,121.516220
中油永錡保安站,新北市樹林區大安路179號 (近家樂福樹林店),24HR,已啟用,24.996052,121.421228
台北捷運府中站(建置中),新北市板橋區縣民大道1段193號 (近捷運府中站1號出口),24HR,建置中,25.008555,121.459183
台亞新店中興路站(建置中),新北市新店區中興路三段131號 (近捷運大坪林站1號出口),24HR,建置中(其他狀態),24.979079,121.544453
中油北基中和站,新北市中和區中山路3段53號 (近環球中和店),24HR,已啟用,25.005568,121.476775
中油永錡彭厝站,新北市樹林區八德街395號 (近環河路/八德街交接口),24HR,已啟用,24.971858,121.415660
雅香茶莊站,新北市石碇區北宜路6段13股巷1號 (近十三股),24HR,已啟用,24.947447,121.649224
中油山隆鶯歌站,新北市鶯歌區永和二街28號 (近大湖路/永和街口),24HR,已啟用,24.971661,121.336631
台北捷運永寧站(建置中),新北市土城區中央路3段105號 (近捷運永寧站3號出口),24HR,建置中,24.966756,121.436498
林長站,新北市瑞芳區瑞濱路32之6號 (近瑞濱海灘),24HR,已啟用,25.121147,121.823512
中油新樹站,新北市新莊區中正路501號 (近中正路/新樹路口),24HR,已啟用,25.033360,121.440665
車太炫汐止站,新北市汐止區汐萬路一段39-5號 (近汐止國小),24HR,已啟用,25.069442,121.654544
中油北基新海站,新北市板橋區新海路137號 (近新埔國小),24HR,已啟用,25.023513,121.460444
台北捷運淡水站(建置中),新北市淡水區中正路1號 (近淡水紅毛城),24HR,建置中,25.167843,121.445578
中油勝利重新站,新北市三重區重新路五段628號 (近家樂福重新店),24HR,已啟用,25.044862,121.469163
中油昇泉加油站,新北市深坑區北深路三段7號 (近福容大飯店 台北二館),24HR,已啟用,25.000924,121.610442
台塑東林站,新北市鶯歌區中正一路461之5號 (近中正一路/建德二巷口),24HR,已啟用,24.956807,121.364302
Airport 淡水站(建置中),新北市淡水區中山路71號,24HR,建置中,25.170641,121.442860
中油欣欣加油站,新北市新店區安和路三段35號 (近陽光運動公園),24HR,已啟用,24.981008,121.517088
中油北基幸運站,新北市新莊區新樹路140-1號 (近新樹路/建國一路口),24HR,已啟用,25.023053,121.435140
